kpi,before_selected_model,before_rmse,before_mae,before_r2,model_name,after_selected_model,after_rmse,after_mae,after_r2,mae_delta,rmse_delta,r2_delta
net_revenue,True,4858.142798,3674.188305,0.95024,linear_regression,True,4964.673018,3741.061685,0.948033,66.87338,106.53022000000055,-0.002206999999999959
net_revenue,False,9071.357342,6042.171906,0.826504,xgboost,False,8961.673126,6059.988437,0.830674,17.816531000000396,-109.68421599999965,0.004170000000000007
net_revenue,False,9965.179598,6848.701099,0.79063,random_forest,False,10151.042323,7034.548308,0.782747,185.84720900000048,185.86272499999905,-0.007883000000000084
shipping_delay_rate,False,0.015253,0.007813,0.740091,linear_regression,True,0.014857,0.007219,0.862143,-0.0005940000000000008,-0.0003959999999999988,0.12205199999999994
shipping_delay_rate,False,0.01542,0.007875,0.734392,xgboost,False,0.016072,0.007879,0.838682,4.000000000000531e-06,0.0006519999999999998,0.10429
shipping_delay_rate,True,0.014614,0.007396,0.761418,random_forest,False,0.016574,0.008021,0.828446,0.0006250000000000006,0.001959999999999998,0.06702799999999998
support_ticket_count,False,28.548242,20.892812,0.646739,linear_regression,True,0.0,0.0,1.0,-20.892812,-28.548242,0.35326100000000005
support_ticket_count,False,19.809126,13.969813,0.829914,xgboost,False,10.636359,5.509973,0.954848,-8.45984,-9.172766999999999,0.12493399999999999
support_ticket_count,True,19.111337,13.360684,0.841686,random_forest,False,13.641726,8.110011,0.925728,-5.250672999999999,-5.469610999999999,0.08404199999999995
