before_rmse,before_r2,before_mae,kpi,before_selected_model,model_name,after_rmse,after_r2,after_mae,after_selected_model,mae_delta,rmse_delta,r2_delta
4964.673018,0.948033,3741.061685,net_revenue,True,linear_regression,6271.453003,0.939947,4532.899034,True,791.8373489999999,1306.7799849999992,-0.008086000000000038
8961.673126,0.830674,6059.988437,net_revenue,False,xgboost,7989.753273,0.902531,5040.534978,False,-1019.4534590000003,-971.9198529999994,0.07185699999999995
10151.042323,0.782747,7034.548308,net_revenue,False,random_forest,9690.959723,0.856606,6576.299519,False,-458.2487890000002,-460.08259999999973,0.07385900000000001
0.016072,0.838682,0.007879,shipping_delay_rate,False,xgboost,0.005375,0.982761,0.004022,True,-0.003857,-0.010697,0.14407899999999996
0.014857,0.862143,0.007219,shipping_delay_rate,True,linear_regression,0.005398,0.982613,0.003973,False,-0.0032459999999999998,-0.009459,0.12046999999999997
0.016574,0.828446,0.008021,shipping_delay_rate,False,random_forest,0.008498,0.956909,0.005064,False,-0.0029570000000000004,-0.008075999999999998,0.128463
18.575684,0.862286,13.681357,support_ticket_count,True,xgboost,24.159161,0.856275,18.221803,True,4.540446000000001,5.583477000000002,-0.006010999999999989
23.296784,0.783389,17.608099,support_ticket_count,False,linear_regression,27.051015,0.819807,21.191623,False,3.5835240000000006,3.7542310000000008,0.03641799999999995
19.317244,0.851071,13.843747,support_ticket_count,False,random_forest,24.652873,0.85034,18.214878,False,4.371130999999998,5.335629000000001,-0.0007310000000000372
