before_mae,before_selected_model,before_r2,before_rmse,model_name,kpi,after_mae,after_selected_model,after_r2,after_rmse,mae_delta,rmse_delta,r2_delta
3741.061685,True,0.948033,4964.673018,linear_regression,net_revenue,3741.061685,True,0.948033,4964.673018,0.0,0.0,0.0
7034.548308,False,0.782747,10151.042323,random_forest,net_revenue,7034.548308,False,0.782747,10151.042323,0.0,0.0,0.0
6059.988437,False,0.830674,8961.673126,xgboost,net_revenue,6059.988437,False,0.830674,8961.673126,0.0,0.0,0.0
0.007219,True,0.862143,0.014857,linear_regression,shipping_delay_rate,0.007219,True,0.862143,0.014857,0.0,0.0,0.0
0.008021,False,0.828446,0.016574,random_forest,shipping_delay_rate,0.008021,False,0.828446,0.016574,0.0,0.0,0.0
0.007879,False,0.838682,0.016072,xgboost,shipping_delay_rate,0.007879,False,0.838682,0.016072,0.0,0.0,0.0
5.509973,False,0.954848,10.636359,xgboost,support_ticket_count,13.681357,True,0.862286,18.575684,8.171384,7.939324999999998,-0.09256200000000003
8.110011,False,0.925728,13.641726,random_forest,support_ticket_count,13.843747,False,0.851071,19.317244,5.733736,5.6755179999999985,-0.07465699999999997
0.0,True,1.0,0.0,linear_regression,support_ticket_count,17.608099,False,0.783389,23.296784,17.608099,23.296784,-0.216611
