kpi,before_rmse,before_mae,before_selected_model,before_r2,model_name,after_rmse,after_mae,after_selected_model,after_r2,mae_delta,rmse_delta,r2_delta
net_revenue,6711.635599,5248.511426,True,0.528452,linear_regression,5642.958098,4235.47291,True,0.666664,-1013.0385159999996,-1068.6775010000001,0.138212
net_revenue,8517.43376,6946.165436,False,0.240572,xgboost,6778.882769,5241.488352,False,0.518956,-1704.677084,-1738.550991,0.27838399999999996
net_revenue,7803.315167,6289.335438,False,0.362578,random_forest,6680.734827,5330.826211,False,0.532784,-958.5092270000005,-1122.5803399999995,0.17020600000000002
shipping_delay_rate,0.005447,0.004336,False,-0.613216,linear_regression,0.004386,0.003579,True,-0.046018,-0.0007569999999999994,-0.0010609999999999994,0.567198
shipping_delay_rate,0.005004,0.003936,True,-0.361671,random_forest,0.004799,0.003861,False,-0.252087,-7.500000000000041e-05,-0.00020499999999999945,0.10958400000000001
shipping_delay_rate,0.005096,0.004071,False,-0.412288,xgboost,0.005617,0.004602,False,-0.715345,0.0005310000000000002,0.0005209999999999998,-0.303057
support_ticket_count,14.150951,11.544735,False,-0.316031,linear_regression,13.118891,11.393844,True,-0.131069,-0.15089099999999966,-1.0320599999999995,0.18496200000000002
support_ticket_count,13.773262,11.64245,False,-0.246719,xgboost,14.047409,11.75373,False,-0.296843,0.11127999999999894,0.27414699999999925,-0.05012400000000003
support_ticket_count,12.411259,10.114034,True,-0.01234,random_forest,13.13821,11.042614,False,-0.134403,0.9285800000000002,0.7269510000000015,-0.12206299999999999
